settimana,album,uscita,categoria,posizione
2001-01-13,Hybrid Theory,2000-10-24,studio,81
2001-01-20,Hybrid Theory,2000-10-24,studio,44
2001-01-27,Hybrid Theory,2000-10-24,studio,21
2001-02-03,Hybrid Theory,2000-10-24,studio,18
2001-02-10,Hybrid Theory,2000-10-24,studio,18
2001-02-17,Hybrid Theory,2000-10-24,studio,18
2001-02-24,Hybrid Theory,2000-10-24,studio,23
2001-03-03,Hybrid Theory,2000-10-24,studio,18
2001-03-10,Hybrid Theory,2000-10-24,studio,34
2001-03-17,Hybrid Theory,2000-10-24,studio,38
2001-03-24,Hybrid Theory,2000-10-24,studio,40
2001-03-31,Hybrid Theory,2000-10-24,studio,42
2001-04-07,Hybrid Theory,2000-10-24,studio,31
2001-04-14,Hybrid Theory,2000-10-24,studio,26
2001-04-21,Hybrid Theory,2000-10-24,studio,22
2001-04-28,Hybrid Theory,2000-10-24,studio,9
2001-05-05,Hybrid Theory,2000-10-24,studio,10
2001-05-12,Hybrid Theory,2000-10-24,studio,9
2001-05-19,Hybrid Theory,2000-10-24,studio,10
2001-05-26,Hybrid Theory,2000-10-24,studio,18
2001-06-02,Hybrid Theory,2000-10-24,studio,16
2001-06-09,Hybrid Theory,2000-10-24,studio,15
2001-06-16,Hybrid Theory,2000-10-24,studio,16
2001-06-23,Hybrid Theory,2000-10-24,studio,22
2001-06-30,Hybrid Theory,2000-10-24,studio,20
2001-07-07,Hybrid Theory,2000-10-24,studio,17
2001-07-14,Hybrid Theory,2000-10-24,studio,14
2001-07-21,Hybrid Theory,2000-10-24,studio,15
2001-07-28,Hybrid Theory,2000-10-24,studio,14
2001-08-04,Hybrid Theory,2000-10-24,studio,16
2001-08-11,Hybrid Theory,2000-10-24,studio,16
2001-08-18,Hybrid Theory,2000-10-24,studio,18
2001-08-25,Hybrid Theory,2000-10-24,studio,21
2001-09-01,Hybrid Theory,2000-10-24,studio,21
2001-09-08,Hybrid Theory,2000-10-24,studio,30
2001-09-15,Hybrid Theory,2000-10-24,studio,23
2001-09-22,Hybrid Theory,2000-10-24,studio,21
2001-09-29,Hybrid Theory,2000-10-24,studio,20
2001-10-06,Hybrid Theory,2000-10-24,studio,15
2001-10-13,Hybrid Theory,2000-10-24,studio,15
2001-10-20,Hybrid Theory,2000-10-24,studio,10
2001-10-27,Hybrid Theory,2000-10-24,studio,8
2001-11-03,Hybrid Theory,2000-10-24,studio,4
2001-11-10,Hybrid Theory,2000-10-24,studio,9
2001-11-17,Hybrid Theory,2000-10-24,studio,14
2001-11-24,Hybrid Theory,2000-10-24,studio,17
2001-12-01,Hybrid Theory,2000-10-24,studio,20
2001-12-08,Hybrid Theory,2000-10-24,studio,22
2001-12-15,Hybrid Theory,2000-10-24,studio,22
2001-12-22,Hybrid Theory,2000-10-24,studio,24
2001-12-29,Hybrid Theory,2000-10-24,studio,24
2002-01-05,Hybrid Theory,2000-10-24,studio,19
2002-01-12,Hybrid Theory,2000-10-24,studio,13
2002-01-19,Hybrid Theory,2000-10-24,studio,14
2002-01-26,Hybrid Theory,2000-10-24,studio,13
2002-02-02,Hybrid Theory,2000-10-24,studio,15
2002-02-09,Hybrid Theory,2000-10-24,studio,21
2002-02-16,Hybrid Theory,2000-10-24,studio,31
2002-02-23,Hybrid Theory,2000-10-24,studio,39
2002-03-02,Hybrid Theory,2000-10-24,studio,31
2002-03-09,Hybrid Theory,2000-10-24,studio,32
2002-03-16,Hybrid Theory,2000-10-24,studio,36
2002-03-23,Hybrid Theory,2000-10-24,studio,38
2002-03-30,Hybrid Theory,2000-10-24,studio,46
2002-04-06,Hybrid Theory,2000-10-24,studio,57
2002-04-13,Hybrid Theory,2000-10-24,studio,56
2002-04-20,Hybrid Theory,2000-10-24,studio,65
2002-04-27,Hybrid Theory,2000-10-24,studio,62
2002-05-04,Hybrid Theory,2000-10-24,studio,53
2002-05-11,Hybrid Theory,2000-10-24,studio,52
2002-05-18,Hybrid Theory,2000-10-24,studio,56
2002-05-25,Hybrid Theory,2000-10-24,studio,64
2002-06-01,Hybrid Theory,2000-10-24,studio,62
2002-06-08,Hybrid Theory,2000-10-24,studio,65
2002-06-15,Hybrid Theory,2000-10-24,studio,74
2002-06-22,Hybrid Theory,2000-10-24,studio,95
2002-06-29,Hybrid Theory,2000-10-24,studio,89
2002-07-20,Hybrid Theory,2000-10-24,studio,93
2002-07-27,Hybrid Theory,2000-10-24,studio,78
2002-08-03,Hybrid Theory,2000-10-24,studio,72
2002-08-10,Hybrid Theory,2000-10-24,studio,71
2002-08-17,Hybrid Theory,2000-10-24,studio,81
2003-07-19,Hybrid Theory,2000-10-24,studio,85
2003-07-26,Hybrid Theory,2000-10-24,studio,75
2003-08-02,Hybrid Theory,2000-10-24,studio,77
2003-08-09,Hybrid Theory,2000-10-24,studio,93
2003-08-16,Hybrid Theory,2000-10-24,studio,95
2003-08-30,Hybrid Theory,2000-10-24,studio,99
2003-09-27,Hybrid Theory,2000-10-24,studio,91
2003-10-04,Hybrid Theory,2000-10-24,studio,81
2003-10-11,Hybrid Theory,2000-10-24,studio,84
2005-04-02,Hybrid Theory,2000-10-24,studio,91
2005-04-09,Hybrid Theory,2000-10-24,studio,100
2007-05-05,Hybrid Theory,2000-10-24,studio,98
2007-05-12,Hybrid Theory,2000-10-24,studio,90
2007-05-19,Hybrid Theory,2000-10-24,studio,68
2007-05-26,Hybrid Theory,2000-10-24,studio,65
2007-06-02,Hybrid Theory,2000-10-24,studio,66
2007-06-09,Hybrid Theory,2000-10-24,studio,76
2007-06-16,Hybrid Theory,2000-10-24,studio,75
2007-06-23,Hybrid Theory,2000-10-24,studio,81
2007-06-30,Hybrid Theory,2000-10-24,studio,91
2007-08-04,Hybrid Theory,2000-10-24,studio,98
2007-08-11,Hybrid Theory,2000-10-24,studio,99
2007-08-18,Hybrid Theory,2000-10-24,studio,93
2007-08-25,Hybrid Theory,2000-10-24,studio,97
2008-03-22,Hybrid Theory,2000-10-24,studio,96
2008-03-29,Hybrid Theory,2000-10-24,studio,91
2008-04-05,Hybrid Theory,2000-10-24,studio,79
2008-04-12,Hybrid Theory,2000-10-24,studio,85
2008-04-19,Hybrid Theory,2000-10-24,studio,89
2008-04-26,Hybrid Theory,2000-10-24,studio,94
2014-03-15,Hybrid Theory,2000-10-24,studio,94
2014-06-14,Hybrid Theory,2000-10-24,studio,92
2014-06-21,Hybrid Theory,2000-10-24,studio,75
2014-06-28,Hybrid Theory,2000-10-24,studio,43
2014-07-05,Hybrid Theory,2000-10-24,studio,58
2014-07-12,Hybrid Theory,2000-10-24,studio,88
2014-07-19,Hybrid Theory,2000-10-24,studio,82
2014-08-02,Hybrid Theory,2000-10-24,studio,69
2014-08-09,Hybrid Theory,2000-10-24,studio,53
2014-08-16,Hybrid Theory,2000-10-24,studio,61
2014-08-23,Hybrid Theory,2000-10-24,studio,56
2014-08-30,Hybrid Theory,2000-10-24,studio,92
2016-03-24,Hybrid Theory,2000-10-24,studio,87
2016-07-07,Hybrid Theory,2000-10-24,studio,81
2016-07-14,Hybrid Theory,2000-10-24,studio,75
2016-09-01,Hybrid Theory,2000-10-24,studio,70
2017-08-03,Hybrid Theory,2000-10-24,studio,4
2017-08-10,Hybrid Theory,2000-10-24,studio,7
2017-08-17,Hybrid Theory,2000-10-24,studio,11
2017-08-24,Hybrid Theory,2000-10-24,studio,21
2017-08-31,Hybrid Theory,2000-10-24,studio,24
2017-09-07,Hybrid Theory,2000-10-24,studio,29
2017-09-14,Hybrid Theory,2000-10-24,studio,41
2017-09-21,Hybrid Theory,2000-10-24,studio,40
2017-09-28,Hybrid Theory,2000-10-24,studio,51
2017-10-05,Hybrid Theory,2000-10-24,studio,51
2017-10-12,Hybrid Theory,2000-10-24,studio,55
2017-10-19,Hybrid Theory,2000-10-24,studio,61
2017-10-26,Hybrid Theory,2000-10-24,studio,65
2017-11-02,Hybrid Theory,2000-10-24,studio,84
2017-11-09,Hybrid Theory,2000-10-24,studio,69
2017-11-16,Hybrid Theory,2000-10-24,studio,89
2020-10-22,Hybrid Theory,2000-10-24,studio,47
2024-09-19,Hybrid Theory,2000-10-24,studio,46
2024-09-26,Hybrid Theory,2000-10-24,studio,58
2024-10-03,Hybrid Theory,2000-10-24,studio,68
2024-10-10,Hybrid Theory,2000-10-24,studio,76
2024-10-17,Hybrid Theory,2000-10-24,studio,83
2024-10-24,Hybrid Theory,2000-10-24,studio,85
2024-10-31,Hybrid Theory,2000-10-24,studio,98
2024-11-07,Hybrid Theory,2000-10-24,studio,98
2024-11-14,Hybrid Theory,2000-10-24,studio,81
2024-11-21,Hybrid Theory,2000-10-24,studio,74
2024-11-28,Hybrid Theory,2000-10-24,studio,71
2024-12-05,Hybrid Theory,2000-10-24,studio,86
2024-12-12,Hybrid Theory,2000-10-24,studio,76
2024-12-19,Hybrid Theory,2000-10-24,studio,83
2024-12-26,Hybrid Theory,2000-10-24,studio,64
2025-01-02,Hybrid Theory,2000-10-24,studio,58
2025-01-09,Hybrid Theory,2000-10-24,studio,62
2025-01-16,Hybrid Theory,2000-10-24,studio,95
2025-07-10,Hybrid Theory,2000-10-24,studio,97
2025-08-14,Hybrid Theory,2000-10-24,studio,87
2025-08-21,Hybrid Theory,2000-10-24,studio,95
2025-08-28,Hybrid Theory,2000-10-24,studio,96
2025-09-11,Hybrid Theory,2000-10-24,studio,95
2025-09-18,Hybrid Theory,2000-10-24,studio,99
2025-10-23,Hybrid Theory,2000-10-24,studio,98
2025-10-30,Hybrid Theory,2000-10-24,studio,96
2025-11-06,Hybrid Theory,2000-10-24,studio,94
2025-11-20,Hybrid Theory,2000-10-24,studio,86
2025-11-27,Hybrid Theory,2000-10-24,studio,89
2025-12-04,Hybrid Theory,2000-10-24,studio,91
2025-12-11,Hybrid Theory,2000-10-24,studio,71
2025-12-18,Hybrid Theory,2000-10-24,studio,60
2025-12-25,Hybrid Theory,2000-10-24,studio,56
2026-01-01,Hybrid Theory,2000-10-24,studio,49
2026-01-08,Hybrid Theory,2000-10-24,studio,60
2026-01-15,Hybrid Theory,2000-10-24,studio,69
2026-01-22,Hybrid Theory,2000-10-24,studio,79
2026-01-29,Hybrid Theory,2000-10-24,studio,83
2026-02-05,Hybrid Theory,2000-10-24,studio,84
2026-02-12,Hybrid Theory,2000-10-24,studio,84
2026-02-19,Hybrid Theory,2000-10-24,studio,79
2026-02-26,Hybrid Theory,2000-10-24,studio,81
2026-03-05,Hybrid Theory,2000-10-24,studio,84
2026-03-12,Hybrid Theory,2000-10-24,studio,91
2026-03-19,Hybrid Theory,2000-10-24,studio,86
2026-03-26,Hybrid Theory,2000-10-24,studio,84
2026-04-02,Hybrid Theory,2000-10-24,studio,83
2026-04-09,Hybrid Theory,2000-10-24,studio,96
2026-04-16,Hybrid Theory,2000-10-24,studio,89
2026-04-23,Hybrid Theory,2000-10-24,studio,89
2026-04-30,Hybrid Theory,2000-10-24,studio,95
2026-05-07,Hybrid Theory,2000-10-24,studio,96
2026-05-14,Hybrid Theory,2000-10-24,studio,95
2026-05-28,Hybrid Theory,2000-10-24,studio,95
2026-06-11,Hybrid Theory,2000-10-24,studio,95
2026-06-18,Hybrid Theory,2000-10-24,studio,87
2026-06-25,Hybrid Theory,2000-10-24,studio,77
2026-07-02,Hybrid Theory,2000-10-24,studio,84
2026-07-09,Hybrid Theory,2000-10-24,studio,83
2026-07-16,Hybrid Theory,2000-10-24,studio,84
2026-07-23,Hybrid Theory,2000-10-24,studio,91
2026-07-30,Hybrid Theory,2000-10-24,studio,78
2002-08-10,Reanimation,2002-07-30,remix,3
2002-08-17,Reanimation,2002-07-30,remix,3
2002-08-24,Reanimation,2002-07-30,remix,6
2002-08-31,Reanimation,2002-07-30,remix,15
2002-09-07,Reanimation,2002-07-30,remix,29
2002-09-14,Reanimation,2002-07-30,remix,39
2002-09-21,Reanimation,2002-07-30,remix,50
2002-09-28,Reanimation,2002-07-30,remix,65
2002-10-05,Reanimation,2002-07-30,remix,99
2017-08-03,Reanimation,2002-07-30,remix,71
2003-04-05,Meteora,2003-03-25,studio,1
2003-04-12,Meteora,2003-03-25,studio,3
2003-04-19,Meteora,2003-03-25,studio,6
2003-04-26,Meteora,2003-03-25,studio,8
2003-05-03,Meteora,2003-03-25,studio,14
2003-05-10,Meteora,2003-03-25,studio,22
2003-05-17,Meteora,2003-03-25,studio,25
2003-05-24,Meteora,2003-03-25,studio,25
2003-05-31,Meteora,2003-03-25,studio,28
2003-06-07,Meteora,2003-03-25,studio,21
2003-06-14,Meteora,2003-03-25,studio,23
2003-06-21,Meteora,2003-03-25,studio,28
2003-06-28,Meteora,2003-03-25,studio,20
2003-07-05,Meteora,2003-03-25,studio,22
2003-07-12,Meteora,2003-03-25,studio,33
2003-07-19,Meteora,2003-03-25,studio,44
2003-07-26,Meteora,2003-03-25,studio,59
2003-08-02,Meteora,2003-03-25,studio,57
2003-08-09,Meteora,2003-03-25,studio,59
2003-08-16,Meteora,2003-03-25,studio,59
2003-08-23,Meteora,2003-03-25,studio,58
2003-08-30,Meteora,2003-03-25,studio,38
2003-09-06,Meteora,2003-03-25,studio,42
2003-09-13,Meteora,2003-03-25,studio,34
2003-09-20,Meteora,2003-03-25,studio,36
2003-09-27,Meteora,2003-03-25,studio,31
2003-10-04,Meteora,2003-03-25,studio,38
2003-10-11,Meteora,2003-03-25,studio,52
2003-10-18,Meteora,2003-03-25,studio,59
2003-10-25,Meteora,2003-03-25,studio,70
2003-11-01,Meteora,2003-03-25,studio,71
2003-11-08,Meteora,2003-03-25,studio,72
2003-11-15,Meteora,2003-03-25,studio,78
2003-11-22,Meteora,2003-03-25,studio,72
2003-11-29,Meteora,2003-03-25,studio,95
2007-05-19,Meteora,2003-03-25,studio,98
2007-05-26,Meteora,2003-03-25,studio,84
2007-06-02,Meteora,2003-03-25,studio,94
2007-06-09,Meteora,2003-03-25,studio,87
2007-06-16,Meteora,2003-03-25,studio,83
2008-03-22,Meteora,2003-03-25,studio,97
2008-03-29,Meteora,2003-03-25,studio,87
2008-04-05,Meteora,2003-03-25,studio,98
2017-08-03,Meteora,2003-03-25,studio,7
2017-08-10,Meteora,2003-03-25,studio,34
2017-08-17,Meteora,2003-03-25,studio,34
2017-08-24,Meteora,2003-03-25,studio,64
2017-08-31,Meteora,2003-03-25,studio,76
2017-09-07,Meteora,2003-03-25,studio,93
2021-06-24,Meteora,2003-03-25,studio,30
2023-04-20,Meteora,2003-03-25,studio,7
2024-09-19,Meteora,2003-03-25,studio,59
2024-09-26,Meteora,2003-03-25,studio,82
2025-12-18,Meteora,2003-03-25,studio,100
2025-12-25,Meteora,2003-03-25,studio,100
2026-01-15,Meteora,2003-03-25,studio,89
2026-01-22,Meteora,2003-03-25,studio,91
2026-01-29,Meteora,2003-03-25,studio,88
2026-02-05,Meteora,2003-03-25,studio,95
2026-02-12,Meteora,2003-03-25,studio,96
2026-02-19,Meteora,2003-03-25,studio,91
2026-02-26,Meteora,2003-03-25,studio,95
2026-03-05,Meteora,2003-03-25,studio,90
2026-03-12,Meteora,2003-03-25,studio,96
2026-03-19,Meteora,2003-03-25,studio,94
2026-03-26,Meteora,2003-03-25,studio,92
2026-04-02,Meteora,2003-03-25,studio,96
2026-04-23,Meteora,2003-03-25,studio,99
2026-05-28,Meteora,2003-03-25,studio,97
2026-06-18,Meteora,2003-03-25,studio,100
2026-06-25,Meteora,2003-03-25,studio,90
2026-07-02,Meteora,2003-03-25,studio,97
2026-07-09,Meteora,2003-03-25,studio,95
2026-07-16,Meteora,2003-03-25,studio,95
2026-07-30,Meteora,2003-03-25,studio,96
2003-12-06,Live In Texas,2003-11-18,live,47
2003-12-13,Live In Texas,2003-11-18,live,59
2003-12-20,Live In Texas,2003-11-18,live,71
2003-12-27,Live In Texas,2003-11-18,live,77
2004-01-03,Live In Texas,2003-11-18,live,77
2004-01-10,Live In Texas,2003-11-18,live,94
2004-12-11,Collision Course,2004-11-30,ep,38
2004-12-18,Collision Course,2004-11-30,ep,44
2004-12-25,Collision Course,2004-11-30,ep,46
2005-01-01,Collision Course,2004-11-30,ep,41
2005-01-08,Collision Course,2004-11-30,ep,21
2005-01-15,Collision Course,2004-11-30,ep,24
2005-01-22,Collision Course,2004-11-30,ep,16
2005-01-29,Collision Course,2004-11-30,ep,15
2005-02-05,Collision Course,2004-11-30,ep,18
2005-02-12,Collision Course,2004-11-30,ep,25
2005-02-19,Collision Course,2004-11-30,ep,33
2005-02-26,Collision Course,2004-11-30,ep,40
2005-03-05,Collision Course,2004-11-30,ep,49
2005-03-12,Collision Course,2004-11-30,ep,63
2005-03-19,Collision Course,2004-11-30,ep,70
2005-03-26,Collision Course,2004-11-30,ep,75
2017-08-03,Collision Course,2004-11-30,ep,70
2007-05-26,Minutes To Midnight,2007-05-14,studio,1
2007-06-02,Minutes To Midnight,2007-05-14,studio,2
2007-06-09,Minutes To Midnight,2007-05-14,studio,2
2007-06-16,Minutes To Midnight,2007-05-14,studio,9
2007-06-23,Minutes To Midnight,2007-05-14,studio,16
2007-06-30,Minutes To Midnight,2007-05-14,studio,24
2007-07-07,Minutes To Midnight,2007-05-14,studio,35
2007-07-14,Minutes To Midnight,2007-05-14,studio,46
2007-07-21,Minutes To Midnight,2007-05-14,studio,51
2007-07-28,Minutes To Midnight,2007-05-14,studio,50
2007-08-04,Minutes To Midnight,2007-05-14,studio,42
2007-08-11,Minutes To Midnight,2007-05-14,studio,34
2007-08-18,Minutes To Midnight,2007-05-14,studio,28
2007-08-25,Minutes To Midnight,2007-05-14,studio,28
2007-09-01,Minutes To Midnight,2007-05-14,studio,25
2007-09-08,Minutes To Midnight,2007-05-14,studio,21
2007-09-15,Minutes To Midnight,2007-05-14,studio,28
2007-09-22,Minutes To Midnight,2007-05-14,studio,37
2007-09-29,Minutes To Midnight,2007-05-14,studio,54
2007-10-06,Minutes To Midnight,2007-05-14,studio,60
2007-10-13,Minutes To Midnight,2007-05-14,studio,67
2007-10-20,Minutes To Midnight,2007-05-14,studio,65
2007-10-27,Minutes To Midnight,2007-05-14,studio,74
2007-11-03,Minutes To Midnight,2007-05-14,studio,81
2007-11-10,Minutes To Midnight,2007-05-14,studio,92
2007-11-17,Minutes To Midnight,2007-05-14,studio,99
2007-12-22,Minutes To Midnight,2007-05-14,studio,98
2008-01-05,Minutes To Midnight,2007-05-14,studio,91
2008-01-12,Minutes To Midnight,2007-05-14,studio,85
2008-01-19,Minutes To Midnight,2007-05-14,studio,91
2008-02-02,Minutes To Midnight,2007-05-14,studio,85
2008-02-09,Minutes To Midnight,2007-05-14,studio,82
2008-06-07,Minutes To Midnight,2007-05-14,studio,58
2008-06-14,Minutes To Midnight,2007-05-14,studio,70
2008-06-21,Minutes To Midnight,2007-05-14,studio,79
2008-06-28,Minutes To Midnight,2007-05-14,studio,73
2008-07-05,Minutes To Midnight,2007-05-14,studio,70
2008-07-12,Minutes To Midnight,2007-05-14,studio,50
2008-07-19,Minutes To Midnight,2007-05-14,studio,39
2008-07-26,Minutes To Midnight,2007-05-14,studio,39
2008-08-02,Minutes To Midnight,2007-05-14,studio,39
2008-08-09,Minutes To Midnight,2007-05-14,studio,46
2008-08-16,Minutes To Midnight,2007-05-14,studio,40
2008-08-23,Minutes To Midnight,2007-05-14,studio,46
2008-08-30,Minutes To Midnight,2007-05-14,studio,51
2008-09-06,Minutes To Midnight,2007-05-14,studio,67
2008-09-13,Minutes To Midnight,2007-05-14,studio,75
2008-09-20,Minutes To Midnight,2007-05-14,studio,80
2008-09-27,Minutes To Midnight,2007-05-14,studio,96
2008-10-04,Minutes To Midnight,2007-05-14,studio,97
2017-08-03,Minutes To Midnight,2007-05-14,studio,15
2017-08-10,Minutes To Midnight,2007-05-14,studio,63
2017-08-17,Minutes To Midnight,2007-05-14,studio,74
2008-12-06,Road To Revolution - Live At Milton Keynes,2008-11-21,live,58
2008-12-13,Road To Revolution - Live At Milton Keynes,2008-11-21,live,84
2010-09-25,A Thousand Suns,2010-09-14,studio,2
2010-10-02,A Thousand Suns,2010-09-14,studio,7
2010-10-09,A Thousand Suns,2010-09-14,studio,20
2010-10-16,A Thousand Suns,2010-09-14,studio,24
2010-10-23,A Thousand Suns,2010-09-14,studio,26
2010-10-30,A Thousand Suns,2010-09-14,studio,35
2010-11-06,A Thousand Suns,2010-09-14,studio,36
2010-11-13,A Thousand Suns,2010-09-14,studio,51
2010-11-20,A Thousand Suns,2010-09-14,studio,52
2010-11-27,A Thousand Suns,2010-09-14,studio,79
2010-12-04,A Thousand Suns,2010-09-14,studio,94
2011-01-08,A Thousand Suns,2010-09-14,studio,53
2011-01-15,A Thousand Suns,2010-09-14,studio,46
2011-01-22,A Thousand Suns,2010-09-14,studio,50
2011-01-29,A Thousand Suns,2010-09-14,studio,66
2011-02-05,A Thousand Suns,2010-09-14,studio,68
2011-02-12,A Thousand Suns,2010-09-14,studio,72
2011-02-19,A Thousand Suns,2010-09-14,studio,79
2011-02-26,A Thousand Suns,2010-09-14,studio,91
2011-03-05,A Thousand Suns,2010-09-14,studio,96
2011-03-19,A Thousand Suns,2010-09-14,studio,66
2011-03-26,A Thousand Suns,2010-09-14,studio,84
2011-06-25,A Thousand Suns,2010-09-14,studio,82
2011-07-02,A Thousand Suns,2010-09-14,studio,78
2011-07-09,A Thousand Suns,2010-09-14,studio,85
2011-07-16,A Thousand Suns,2010-09-14,studio,68
2011-07-23,A Thousand Suns,2010-09-14,studio,77
2011-07-30,A Thousand Suns,2010-09-14,studio,97
2011-08-13,A Thousand Suns,2010-09-14,studio,96
2017-08-03,A Thousand Suns,2010-09-14,studio,38
2012-07-07,Living Things,2012-06-26,studio,1
2012-07-14,Living Things,2012-06-26,studio,3
2012-07-21,Living Things,2012-06-26,studio,14
2012-07-28,Living Things,2012-06-26,studio,24
2012-08-04,Living Things,2012-06-26,studio,35
2012-08-11,Living Things,2012-06-26,studio,39
2012-08-18,Living Things,2012-06-26,studio,33
2012-08-25,Living Things,2012-06-26,studio,42
2012-09-01,Living Things,2012-06-26,studio,50
2012-09-08,Living Things,2012-06-26,studio,55
2012-09-15,Living Things,2012-06-26,studio,58
2012-09-22,Living Things,2012-06-26,studio,75
2012-09-29,Living Things,2012-06-26,studio,76
2012-10-06,Living Things,2012-06-26,studio,56
2012-10-13,Living Things,2012-06-26,studio,53
2012-10-20,Living Things,2012-06-26,studio,58
2012-10-27,Living Things,2012-06-26,studio,82
2012-11-03,Living Things,2012-06-26,studio,72
2012-11-10,Living Things,2012-06-26,studio,84
2017-08-03,Living Things,2012-06-26,studio,49
2013-11-09,Recharged,2013-10-28,remix,12
2013-11-16,Recharged,2013-10-28,remix,67
2014-06-28,The Hunting Party,2014-06-17,studio,2
2014-07-05,The Hunting Party,2014-06-17,studio,8
2014-07-12,The Hunting Party,2014-06-17,studio,21
2014-07-19,The Hunting Party,2014-06-17,studio,17
2014-07-26,The Hunting Party,2014-06-17,studio,36
2014-08-02,The Hunting Party,2014-06-17,studio,50
2014-08-09,The Hunting Party,2014-06-17,studio,51
2014-08-16,The Hunting Party,2014-06-17,studio,55
2014-08-23,The Hunting Party,2014-06-17,studio,63
2014-08-30,The Hunting Party,2014-06-17,studio,75
2014-09-06,The Hunting Party,2014-06-17,studio,77
2014-09-13,The Hunting Party,2014-06-17,studio,76
2015-02-07,The Hunting Party,2014-06-17,studio,53
2017-08-03,The Hunting Party,2014-06-17,studio,91
2017-06-01,One More Light,2017-05-19,studio,4
2017-06-08,One More Light,2017-05-19,studio,20
2017-06-15,One More Light,2017-05-19,studio,52
2017-06-22,One More Light,2017-05-19,studio,70
2017-06-29,One More Light,2017-05-19,studio,92
2017-07-13,One More Light,2017-05-19,studio,77
2017-08-03,One More Light,2017-05-19,studio,5
2017-08-10,One More Light,2017-05-19,studio,8
2017-08-17,One More Light,2017-05-19,studio,19
2017-08-24,One More Light,2017-05-19,studio,34
2017-08-31,One More Light,2017-05-19,studio,45
2017-09-07,One More Light,2017-05-19,studio,70
2017-09-14,One More Light,2017-05-19,studio,78
2017-09-21,One More Light,2017-05-19,studio,88
2017-09-28,One More Light,2017-05-19,studio,78
2017-10-05,One More Light,2017-05-19,studio,71
2017-10-12,One More Light,2017-05-19,studio,86
2017-10-19,One More Light,2017-05-19,studio,95
2017-10-26,One More Light,2017-05-19,studio,99
2017-11-09,One More Light,2017-05-19,studio,98
2017-12-28,One More Light Live,2017-12-15,live,32
2024-04-25,Papercuts,2024-04-12,compilation,4
2024-05-02,Papercuts,2024-04-12,compilation,14
2024-05-09,Papercuts,2024-04-12,compilation,17
2024-05-16,Papercuts,2024-04-12,compilation,26
2024-05-23,Papercuts,2024-04-12,compilation,29
2024-05-30,Papercuts,2024-04-12,compilation,28
2024-06-06,Papercuts,2024-04-12,compilation,35
2024-06-13,Papercuts,2024-04-12,compilation,27
2024-06-20,Papercuts,2024-04-12,compilation,27
2024-06-27,Papercuts,2024-04-12,compilation,26
2024-07-04,Papercuts,2024-04-12,compilation,24
2024-07-11,Papercuts,2024-04-12,compilation,27
2024-07-18,Papercuts,2024-04-12,compilation,26
2024-07-25,Papercuts,2024-04-12,compilation,28
2024-08-01,Papercuts,2024-04-12,compilation,29
2024-08-08,Papercuts,2024-04-12,compilation,28
2024-08-15,Papercuts,2024-04-12,compilation,23
2024-08-22,Papercuts,2024-04-12,compilation,28
2024-08-29,Papercuts,2024-04-12,compilation,27
2024-09-05,Papercuts,2024-04-12,compilation,29
2024-09-12,Papercuts,2024-04-12,compilation,26
2024-09-19,Papercuts,2024-04-12,compilation,8
2024-09-26,Papercuts,2024-04-12,compilation,13
2024-10-03,Papercuts,2024-04-12,compilation,14
2024-10-10,Papercuts,2024-04-12,compilation,14
2024-10-17,Papercuts,2024-04-12,compilation,16
2024-10-24,Papercuts,2024-04-12,compilation,16
2024-10-31,Papercuts,2024-04-12,compilation,17
2024-11-07,Papercuts,2024-04-12,compilation,26
2024-11-14,Papercuts,2024-04-12,compilation,17
2024-11-21,Papercuts,2024-04-12,compilation,18
2024-11-28,Papercuts,2024-04-12,compilation,17
2024-12-05,Papercuts,2024-04-12,compilation,22
2024-12-12,Papercuts,2024-04-12,compilation,22
2024-12-19,Papercuts,2024-04-12,compilation,26
2024-12-26,Papercuts,2024-04-12,compilation,27
2025-01-02,Papercuts,2024-04-12,compilation,29
2025-01-09,Papercuts,2024-04-12,compilation,27
2025-01-16,Papercuts,2024-04-12,compilation,24
2025-01-23,Papercuts,2024-04-12,compilation,22
2025-01-30,Papercuts,2024-04-12,compilation,22
2025-02-06,Papercuts,2024-04-12,compilation,24
2025-02-13,Papercuts,2024-04-12,compilation,25
2025-02-20,Papercuts,2024-04-12,compilation,31
2025-02-27,Papercuts,2024-04-12,compilation,29
2025-03-06,Papercuts,2024-04-12,compilation,26
2025-03-13,Papercuts,2024-04-12,compilation,34
2025-03-20,Papercuts,2024-04-12,compilation,27
2025-03-27,Papercuts,2024-04-12,compilation,26
2025-04-03,Papercuts,2024-04-12,compilation,27
2025-04-10,Papercuts,2024-04-12,compilation,28
2025-04-17,Papercuts,2024-04-12,compilation,26
2025-04-24,Papercuts,2024-04-12,compilation,29
2025-05-01,Papercuts,2024-04-12,compilation,29
2025-05-08,Papercuts,2024-04-12,compilation,29
2025-05-15,Papercuts,2024-04-12,compilation,25
2025-05-22,Papercuts,2024-04-12,compilation,24
2025-05-29,Papercuts,2024-04-12,compilation,27
2025-06-05,Papercuts,2024-04-12,compilation,30
2025-06-12,Papercuts,2024-04-12,compilation,21
2025-06-19,Papercuts,2024-04-12,compilation,22
2025-06-26,Papercuts,2024-04-12,compilation,22
2025-07-03,Papercuts,2024-04-12,compilation,19
2025-07-10,Papercuts,2024-04-12,compilation,16
2025-07-17,Papercuts,2024-04-12,compilation,17
2025-07-24,Papercuts,2024-04-12,compilation,21
2025-07-31,Papercuts,2024-04-12,compilation,17
2025-08-07,Papercuts,2024-04-12,compilation,20
2025-08-14,Papercuts,2024-04-12,compilation,15
2025-08-21,Papercuts,2024-04-12,compilation,19
2025-08-28,Papercuts,2024-04-12,compilation,18
2025-09-04,Papercuts,2024-04-12,compilation,20
2025-09-11,Papercuts,2024-04-12,compilation,17
2025-09-18,Papercuts,2024-04-12,compilation,19
2025-09-25,Papercuts,2024-04-12,compilation,18
2025-10-02,Papercuts,2024-04-12,compilation,20
2025-10-09,Papercuts,2024-04-12,compilation,17
2025-10-16,Papercuts,2024-04-12,compilation,18
2025-10-23,Papercuts,2024-04-12,compilation,14
2025-10-30,Papercuts,2024-04-12,compilation,20
2025-11-06,Papercuts,2024-04-12,compilation,20
2025-11-13,Papercuts,2024-04-12,compilation,20
2025-11-20,Papercuts,2024-04-12,compilation,21
2025-11-27,Papercuts,2024-04-12,compilation,26
2025-12-04,Papercuts,2024-04-12,compilation,28
2025-12-11,Papercuts,2024-04-12,compilation,24
2025-12-18,Papercuts,2024-04-12,compilation,25
2025-12-25,Papercuts,2024-04-12,compilation,25
2026-01-01,Papercuts,2024-04-12,compilation,22
2026-01-08,Papercuts,2024-04-12,compilation,21
2026-01-15,Papercuts,2024-04-12,compilation,16
2026-01-22,Papercuts,2024-04-12,compilation,17
2026-01-29,Papercuts,2024-04-12,compilation,17
2026-02-05,Papercuts,2024-04-12,compilation,12
2026-02-12,Papercuts,2024-04-12,compilation,16
2026-02-19,Papercuts,2024-04-12,compilation,15
2026-02-26,Papercuts,2024-04-12,compilation,13
2026-03-05,Papercuts,2024-04-12,compilation,13
2026-03-12,Papercuts,2024-04-12,compilation,14
2026-03-19,Papercuts,2024-04-12,compilation,12
2026-03-26,Papercuts,2024-04-12,compilation,12
2026-04-02,Papercuts,2024-04-12,compilation,13
2026-04-09,Papercuts,2024-04-12,compilation,19
2026-04-16,Papercuts,2024-04-12,compilation,18
2026-04-23,Papercuts,2024-04-12,compilation,18
2026-04-30,Papercuts,2024-04-12,compilation,19
2026-05-07,Papercuts,2024-04-12,compilation,21
2026-05-14,Papercuts,2024-04-12,compilation,19
2026-05-21,Papercuts,2024-04-12,compilation,18
2026-05-28,Papercuts,2024-04-12,compilation,17
2026-06-04,Papercuts,2024-04-12,compilation,22
2026-06-11,Papercuts,2024-04-12,compilation,20
2026-06-18,Papercuts,2024-04-12,compilation,22
2026-06-25,Papercuts,2024-04-12,compilation,14
2026-07-02,Papercuts,2024-04-12,compilation,17
2026-07-09,Papercuts,2024-04-12,compilation,18
2026-07-16,Papercuts,2024-04-12,compilation,17
2026-07-23,Papercuts,2024-04-12,compilation,19
2026-07-30,Papercuts,2024-04-12,compilation,16
2024-11-28,From Zero,2024-11-15,studio,1
2024-12-05,From Zero,2024-11-15,studio,4
2024-12-12,From Zero,2024-11-15,studio,10
2024-12-19,From Zero,2024-11-15,studio,20
2024-12-26,From Zero,2024-11-15,studio,22
2025-01-02,From Zero,2024-11-15,studio,28
2025-01-09,From Zero,2024-11-15,studio,23
2025-01-16,From Zero,2024-11-15,studio,39
2025-01-23,From Zero,2024-11-15,studio,51
2025-01-30,From Zero,2024-11-15,studio,68
2025-02-06,From Zero,2024-11-15,studio,75
2025-02-13,From Zero,2024-11-15,studio,79
2025-02-20,From Zero,2024-11-15,studio,91
2025-05-29,From Zero,2024-11-15,studio,23
2025-06-05,From Zero,2024-11-15,studio,89
2025-06-12,From Zero,2024-11-15,studio,77
2025-06-19,From Zero,2024-11-15,studio,97
2025-07-10,From Zero,2024-11-15,studio,59